Player ID,Name,Team,Position,Cost,Total Points,Minutes,Goals Scored,Assists,Clean Sheets,Selected By %,Status,ROI,Points per Minute,PpM ROI
1,Fábio Vieira,Arsenal,3,5.5,24,290,1,3,1,0.1,a,4.363636363636363,0.08275862068965517,0.361128526645768
2,G.Jesus,Arsenal,4,7.0,85,1470,4,7,11,1.5,a,12.142857142857142,0.05782312925170068,0.7021379980563653
3,Gabriel,Arsenal,2,6.0,149,3042,3,1,16,11.9,a,24.833333333333332,0.048980933596318214,1.2163598509752356
4,Havertz,Arsenal,4,8.0,180,2627,13,10,16,14.2,a,22.5,0.06851922344880092,1.5416825275980206
5,Hein,Arsenal,1,4.0,0,0,0,0,0,0.3,a,0.0,0.0,0.0
6,J.Timber,Arsenal,2,5.5,0,70,0,0,0,1.9,a,0.0,0.0,0.0
7,Jorginho,Arsenal,3,5.0,44,913,0,2,4,0.3,a,8.8,0.04819277108433735,0.4240963855421687
8,Kiwior,Arsenal,2,5.0,67,942,1,3,6,0.3,a,13.4,0.07112526539278131,0.9530785562632696
9,Martinelli,Arsenal,3,7.0,118,2010,6,5,10,4.2,a,16.857142857142858,0.05870646766169154,0.9896233120113717
10,Nelson,Arsenal,3,5.0,16,256,0,0,1,0.1,a,3.2,0.0625,0.2
11,Nketiah,Arsenal,4,6.0,71,1065,5,4,6,0.4,a,11.833333333333334,0.06666666666666667,0.788888888888889
12,Nwaneri,Arsenal,3,4.5,1,13,0,0,0,0.2,a,0.2222222222222222,0.07692307692307693,0.017094017094017096
13,Ødegaard,Arsenal,3,8.5,186,3098,8,11,19,17.0,a,21.88235294117647,0.06003873466752744,1.3137887821364829
14,Ramsdale,Arsenal,1,4.5,20,540,0,0,2,0.9,a,4.444444444444445,0.037037037037037035,0.1646090534979424
15,Raya,Arsenal,1,5.5,135,2880,0,0,16,22.8,a,24.545454545454547,0.046875,1.1505681818181819
16,Rice,Arsenal,3,6.5,165,3225,7,9,17,5.6,a,25.384615384615383,0.05116279069767442,1.2987477638640428
17,Saka,Arsenal,3,10.0,226,2922,16,12,16,26.5,a,22.6,0.07734428473648186,1.74798083504449
18,Saliba,Arsenal,2,6.0,164,3420,2,1,18,41.0,a,27.333333333333332,0.047953216374269005,1.3107212475633527
19,Smith Rowe,Arsenal,3,5.5,25,343,0,2,3,1.6,a,4.545454545454546,0.0728862973760933,0.331301351709515
20,Thomas,Arsenal,3,5.0,24,785,0,0,5,0.1,a,4.8,0.030573248407643312,0.1467515923566879
21,Tierney,Arsenal,2,4.5,0,0,0,0,0,0.2,a,0.0,0.0,0.0
22,Tomiyasu,Arsenal,2,5.0,70,1140,2,1,6,0.4,a,14.0,0.06140350877192982,0.8596491228070176
23,Trossard,Arsenal,3,7.0,138,1633,12,2,12,3.1,a,19.714285714285715,0.08450704225352113,1.6659959758551308
24,White,Arsenal,2,6.5,182,2987,4,5,18,12.0,a,28.0,0.06093069969869434,1.7060595915634416
25,Zinchenko,Arsenal,2,5.0,104,1717,1,2,9,1.6,a,20.8,0.060570762958648806,1.2598718695398952
578,Calafiori,Arsenal,2,6.0,0,0,0,0,0,1.3,a,0.0,0.0,0.0
26,Alex Moreno,Aston Villa,2,4.5,49,1024,2,0,3,0.8,a,10.88888888888889,0.0478515625,0.5210503472222222
27,Archer,Aston Villa,4,5.0,82,1829,4,3,2,1.1,a,16.4,0.0448332422088573,0.7352651722252597
28,Bailey,Aston Villa,3,6.5,148,2063,10,11,5,4.6,a,22.76923076923077,0.07174018419777024,1.6334688094261534
29,Barkley,Aston Villa,3,5.5,101,2616,5,5,2,1.1,a,18.363636363636363,0.0386085626911315,0.7089936057825966
30,Barrenechea,Aston Villa,3,5.0,0,0,0,0,0,0.1,a,0.0,0.0,0.0
31,Buendia,Aston Villa,3,5.5,0,0,0,0,0,0.2,a,0.0,0.0,0.0
32,Cash,Aston Villa,2,4.5,64,2138,2,2,3,2.9,a,14.222222222222221,0.029934518241347054,0.4257353705436025
33,Dendoncker,Aston Villa,3,4.5,20,118,1,1,0,0.9,a,4.444444444444445,0.1694915254237288,0.7532956685499058
35,Diego Carlos,Aston Villa,2,4.5,55,1809,0,0,6,0.6,a,12.222222222222221,0.030403537866224434,0.37159879614274305
36,Digne,Aston Villa,2,4.5,85,2405,1,4,6,1.9,a,18.88888888888889,0.035343035343035345,0.6675906675906677
37,Dobbin,Aston Villa,3,5.0,18,226,1,0,1,0.0,a,3.6,0.07964601769911504,0.2867256637168142
38,Duran,Aston Villa,4,6.0,50,461,5,1,0,0.4,a,8.333333333333334,0.10845986984815618,0.903832248734635
39,Gauci,Aston Villa,1,4.0,0,0,0,0,0,0.3,a,0.0,0.0,0.0
40,Hause,Aston Villa,2,4.0,0,0,0,0,0,0.5,a,0.0,0.0,0.0
41,Iling Jr,Aston Villa,3,5.5,0,0,0,0,0,0.2,a,0.0,0.0,0.0
43,Kesler-Hayden,Aston Villa,2,4.0,3,5,0,0,0,0.2,a,0.75,0.6,0.44999999999999996
44,Konsa,Aston Villa,2,4.5,91,3069,1,1,7,17.8,a,20.22222222222222,0.029651352231997392,0.5996162340248361
45,Maatsen,Aston Villa,2,5.0,11,200,0,0,0,5.2,a,2.2,0.055,0.12100000000000001
47,Martinez,Aston Villa,1,5.0,115,3015,0,0,8,13.2,a,23.0,0.03814262023217247,0.8772802653399668
48,McGinn,Aston Villa,3,5.5,119,3000,6,5,7,1.8,a,21.636363636363637,0.03966666666666667,0.8582424242424244
49,Mings,Aston Villa,2,4.5,0,30,0,0,0,0.6,a,0.0,0.0,0.0
50,Nedeljkovic,Aston Villa,2,4.0,0,0,0,0,0,0.2,a,0.0,0.0,0.0
51,Olsen,Aston Villa,1,4.5,17,405,0,0,0,0.3,a,3.7777777777777777,0.04197530864197531,0.15857338820301783
52,Pau,Aston Villa,2,4.5,85,2462,2,0,6,1.6,a,18.88888888888889,0.03452477660438668,0.6521346691939707
53,Ramsey,Aston Villa,3,5.5,29,848,1,1,0,0.3,a,5.2727272727272725,0.03419811320754717,0.1803173241852487
54,Rogers,Aston Villa,3,5.0,35,636,3,1,2,6.4,a,7.0,0.055031446540880505,0.38522012578616355
56,Sousa,Aston Villa,2,4.0,0,0,0,0,0,0.4,a,0.0,0.0,0.0
57,Tielemans,Aston Villa,3,5.5,77,1613,2,6,4,0.5,a,14.0,0.04773713577185369,0.6683199008059517
58,Watkins,Aston Villa,4,9.0,228,3222,19,18,7,54.3,a,25.333333333333332,0.07076350093109869,1.7926753569211669
233,Onana,Aston Villa,3,5.0,66,2085,2,0,5,0.9,a,13.2,0.031654676258992806,0.417841726618705
569,Jaden,Aston Villa,3,5.5,0,0,0,0,0,0.1,a,0.0,0.0,0.0
59,Aarons,Bournemouth,2,4.5,28,1233,0,1,2,0.3,a,6.222222222222222,0.0227088402270884,0.1412994503018834
61,Anthony,Bournemouth,3,4.5,3,151,0,0,0,0.4,a,0.6666666666666666,0.019867549668874173,0.013245033112582781
62,Brooks,Bournemouth,3,5.0,23,271,1,1,0,0.1,a,4.6,0.08487084870848709,0.3904059040590406
63,Christie,Bournemouth,3,5.0,90,2908,0,5,8,0.2,a,18.0,0.030949105914718018,0.5570839064649243
64,Cook,Bournemouth,3,5.0,77,2787,0,3,8,0.1,a,15.4,0.027628274129888768,0.425475421600287
65,Enes Ünal,Bournemouth,4,5.5,40,317,2,4,1,0.1,a,7.2727272727272725,0.12618296529968454,0.9176942930886147
66,Faivre,Bournemouth,3,5.0,4,37,0,0,0,0.0,a,0.8,0.10810810810810811,0.08648648648648649
67,H.Traorè,Bournemouth,3,4.5,3,44,0,0,0,0.2,a,0.6666666666666666,0.06818181818181818,0.04545454545454545
68,Hill,Bournemouth,2,4.0,5,74,0,0,0,0.4,a,1.25,0.06756756756756757,0.08445945945945946
69,Jebbison,Bournemouth,4,4.5,1,20,0,0,0,0.7,a,0.2222222222222222,0.05,0.011111111111111112
70,Kerkez,Bournemouth,2,4.5,59,1966,0,2,6,0.6,a,13.11111111111111,0.030010172939979655,0.39346671187973326
71,Kluivert,Bournemouth,3,5.5,100,1910,7,1,11,0.5,a,18.181818181818183,0.05235602094240838,0.9519276534983342
72,Mepham,Bournemouth,2,4.5,16,613,0,1,1,0.1,a,3.5555555555555554,0.026101141924959218,0.09280406017763278
73,Neto,Bournemouth,1,4.5,110,2880,0,0,7,2.8,a,24.444444444444443,0.03819444444444445,0.933641975308642
74,O.Dango,Bournemouth,3,5.0,56,1214,1,2,5,0.0,a,11.2,0.04612850082372323,0.5166392092257002
75,Paulsen,Bournemouth,1,4.0,0,0,0,0,0,0.5,a,0.0,0.0,0.0
76,Philip,Bournemouth,3,5.0,60,1385,2,3,2,0.1,a,12.0,0.04332129963898917,0.51985559566787
77,Scott,Bournemouth,3,5.0,41,1003,1,1,3,0.1,a,8.2,0.040877367896311065,0.3351944167497507
78,Semenyo,Bournemouth,3,5.5,107,2099,8,4,8,1.2,a,19.454545454545453,0.050976655550262026,0.9917276625232794
79,Senesi,Bournemouth,2,5.0,102,2239,4,5,6,1.2,a,20.4,0.045556051808843236,0.929343456900402
80,Sinisterra,Bournemouth,3,5.0,43,685,2,2,1,0.2,a,8.6,0.06277372262773723,0.5398540145985401
81,Smith,Bournemouth,2,4.5,80,2148,0,3,8,0.2,a,17.77777777777778,0.037243947858473,0.6621146285950756
82,Solanke,Bournemouth,4,7.5,175,3325,19,3,10,10.4,a,23.333333333333332,0.05263157894736842,1.2280701754385963
83,Tavernier,Bournemouth,3,5.5,89,2118,3,4,8,0.3,a,16.181818181818183,0.042020774315391876,0.6799725298308867
84,Travers,Bournemouth,1,4.5,19,360,0,0,2,0.3,a,4.222222222222222,0.05277777777777778,0.2228395061728395
85,Zabarnyi,Bournemouth,2,4.5,84,3330,1,0,8,0.5,a,18.666666666666668,0.025225225225225224,0.4708708708708709
580,Huijsen,Bournemouth,2,4.5,0,0,0,0,0,0.0,a,0.0,0.0,0.0
86,Ajer,Brentford,2,4.5,68,1826,2,1,5,0.4,a,15.11111111111111,0.03723986856516977,0.5627357916514543
87,Brierley,Brentford,3,4.5,0,0,0,0,0,0.1,a,0.0,0.0,0.0
88,Collins,Brentford,2,4.5,84,2649,1,1,7,0.4,a,18.666666666666668,0.031710079275198186,0.5919214798036995
89,Damsgaard,Brentford,3,5.0,45,829,0,4,5,0.1,a,9.0,0.054282267792521106,0.48854041013268995
90,Dasilva,Brentford,3,5.0,3,22,0,0,0,0.1,a,0.6,0.13636363636363635,0.0818181818181818
91,Flekken,Brentford,1,4.5,119,3285,0,1,7,13.9,a,26.444444444444443,0.036225266362252664,0.9579570438017926
92,Henry,Brentford,2,4.5,13,401,0,1,1,0.6,a,2.888888888888889,0.032418952618453865,0.09365475200886672
93,Hickey,Brentford,2,4.5,17,713,0,0,2,0.2,a,3.7777777777777777,0.023842917251051893,0.09007324294841826
94,Janelt,Brentford,3,5.0,93,3054,1,4,9,0.2,a,18.6,0.030451866404715127,0.5664047151277014
95,Jensen,Brentford,3,5.5,98,2201,3,4,9,0.2,a,17.818181818181817,0.044525215810995,0.7933583908140927
96,Ji-soo,Brentford,2,4.0,0,0,0,0,0,0.3,a,0.0,0.0,0.0
97,Konak,Brentford,3,4.5,0,0,0,0,0,0.1,a,0.0,0.0,0.0
98,Lewis-Potter,Brentford,3,5.0,73,1428,3,2,6,0.1,a,14.6,0.05112044817927171,0.746358543417367
99,Mbeumo,Brentford,3,7.0,127,1957,9,7,5,7.0,a,18.142857142857142,0.06489524782830863,1.1773852105993137
100,Mee,Brentford,2,4.5,39,1272,2,1,1,1.3,a,8.666666666666666,0.030660377358490566,0.26572327044025157
101,Nørgaard,Brentford,3,5.0,74,2504,2,1,6,0.1,a,14.8,0.029552715654952075,0.43738019169329073
102,Onyeka,Brentford,3,5.0,39,1147,1,2,1,0.1,a,7.8,0.03400174367916303,0.26521360069747163
103,Peart-Harris,Brentford,3,4.5,3,11,0,0,0,0.1,a,0.6666666666666666,0.2727272727272727,0.1818181818181818
104,Pinnock,Brentford,2,4.5,77,2521,2,0,5,0.5,a,17.11111111111111,0.030543435144783818,0.5226321124774119
105,Roerslev,Brentford,2,4.5,75,1975,1,2,5,0.2,a,16.666666666666668,0.0379746835443038,0.6329113924050633
106,Schade,Brentford,3,5.5,33,327,2,2,1,0.1,a,6.0,0.10091743119266056,0.6055045871559633
107,Thiago,Brentford,4,6.0,0,0,0,0,0,0.4,a,0.0,0.0,0.0
108,Toney,Brentford,4,7.5,57,1449,4,3,3,11.8,a,7.6,0.039337474120082816,0.29896480331262937
109,Valdimarsson,Brentford,1,4.0,0,0,0,0,0,1.9,a,0.0,0.0,0.0
110,Wissa,Brentford,4,6.0,131,2488,12,4,11,2.6,a,21.833333333333332,0.05265273311897106,1.1495846730975348
111,Yarmoliuk,Brentford,3,4.5,33,670,0,0,4,2.9,a,7.333333333333333,0.049253731343283584,0.3611940298507463
112,Zanka,Brentford,2,4.5,29,1086,1,0,2,0.1,a,6.444444444444445,0.026703499079189688,0.17208921628811133
113,Adingra,Brighton,3,5.5,97,2220,6,1,4,0.7,a,17.636363636363637,0.04369369369369369,0.7705978705978705
114,Baker-Boaitey,Brighton,3,4.5,4,37,0,0,0,0.1,a,0.8888888888888888,0.10810810810810811,0.0960960960960961
115,Baleba,Brighton,3,5.0,34,1314,0,0,2,0.1,a,6.8,0.0258751902587519,0.17595129375951293
116,Barco,Brighton,2,4.0,5,307,0,0,0,8.5,a,1.25,0.016286644951140065,0.020358306188925084
117,Buonanotte,Brighton,3,5.0,57,1356,3,1,6,0.1,a,11.4,0.0420353982300885,0.4792035398230089
118,Cozier-Duberry,Brighton,3,4.5,0,0,0,0,0,0.2,a,0.0,0.0,0.0
119,Dahoud,Brighton,3,5.0,14,449,0,1,1,0.0,a,2.8,0.031180400890868598,0.08730512249443206
120,Dunk,Brighton,2,4.5,89,2869,3,1,5,4.2,a,19.77777777777778,0.031021261763680724,0.6135316215483522
121,Enciso,Brighton,3,5.5,20,468,0,2,0,0.4,a,3.6363636363636362,0.042735042735042736,0.1554001554001554
124,Gilmour,Brighton,3,5.0,61,2116,0,3,6,0.2,a,12.2,0.028827977315689982,0.3517013232514178
125,Gross,Brighton,3,6.5,153,3112,4,11,7,2.0,a,23.53846153846154,0.04916452442159383,1.1572572671544394
126,Hinshelwood,Brighton,3,5.0,42,866,3,0,2,0.0,a,8.4,0.04849884526558892,0.4073903002309469
127,I.Osman,Brighton,3,5.0,0,0,0,0,0,0.0,a,0.0,0.0,0.0
128,Igor,Brighton,2,4.5,37,1631,0,0,2,0.2,a,8.222222222222221,0.022685469037400367,0.18652496764084744
129,João Pedro,Brighton,4,5.5,104,2037,9,3,5,18.1,a,18.90909090909091,0.051055473735886106,0.9654125942785737
131,Lamptey,Brighton,2,4.5,31,908,0,3,1,0.5,a,6.888888888888889,0.034140969162995596,0.23519334312285856
133,Mazilu,Brighton,3,4.5,0,0,0,0,0,0.0,a,0.0,0.0,0.0
134,Milner,Brighton,3,5.0,28,770,0,2,4,0.1,a,5.6,0.03636363636363636,0.20363636363636362
135,Minteh,Brighton,3,5.5,0,0,0,0,0,0.8,a,0.0,0.0,0.0
136,Mitoma,Brighton,3,6.5,74,1485,3,7,1,1.7,a,11.384615384615385,0.04983164983164983,0.5673141673141673
137,Moder,Brighton,3,4.5,21,608,0,0,1,0.4,a,4.666666666666667,0.03453947368421053,0.16118421052631582
138,O’Mahony,Brighton,4,4.5,2,61,0,0,0,0.4,a,0.4444444444444444,0.03278688524590164,0.014571948998178506
139,Offiah,Brighton,2,4.0,4,126,0,0,0,0.2,a,1.0,0.031746031746031744,0.031746031746031744
140,Peupion,Brighton,3,4.5,0,0,0,0,0,0.0,a,0.0,0.0,0.0
141,Sarmiento,Brighton,3,5.0,0,0,0,0,0,0.1,a,0.0,0.0,0.0
142,Steele,Brighton,1,4.5,42,1530,0,0,2,0.5,a,9.333333333333334,0.027450980392156862,0.2562091503267974
143,Undav,Brighton,4,5.5,0,0,0,0,0,0.2,a,0.0,0.0,0.0
144,Van Hecke,Brighton,2,4.5,61,2368,0,0,5,0.3,a,13.555555555555555,0.025760135135135136,0.34919294294294295
145,Veltman,Brighton,2,4.5,49,1579,1,1,3,0.2,a,10.88888888888889,0.03103229892336922,0.3379072549433538
146,Verbruggen,Brighton,1,4.5,68,1890,0,0,4,2.8,a,15.11111111111111,0.03597883597883598,0.5436801881246326
147,Webster,Brighton,2,4.5,26,1142,0,0,2,0.2,a,5.777777777777778,0.02276707530647986,0.13154310177077252
148,Welbeck,Brighton,4,5.5,79,1687,5,4,8,0.4,a,14.363636363636363,0.04682868998221695,0.6726302742900253
149,Wieffer,Brighton,3,5.0,0,0,0,0,0,0.1,a,0.0,0.0,0.0
150,Andrey Santos,Chelsea,3,4.5,1,7,0,0,0,0.1,a,0.2222222222222222,0.14285714285714285,0.031746031746031744
151,Ângelo,Chelsea,3,4.5,0,0,0,0,0,0.4,a,0.0,0.0,0.0
152,Arrizabalaga,Chelsea,1,4.5,0,0,0,0,0,0.4,a,0.0,0.0,0.0
153,B.Badiashile,Chelsea,2,4.5,35,1337,0,1,3,0.2,a,7.777777777777778,0.02617801047120419,0.2036067481093659
154,Bergström,Chelsea,1,4.0,0,0,0,0,0,0.2,a,0.0,0.0,0.0
155,Bettinelli,Chelsea,1,4.0,-1,0,0,0,0,0.3,a,-0.25,-1.0,0.25
156,Broja,Chelsea,4,5.5,35,529,1,2,3,0.1,a,6.363636363636363,0.0661625708884688,0.4210345420175287
157,Caicedo,Chelsea,3,5.0,84,2865,1,3,7,0.7,a,16.8,0.02931937172774869,0.49256544502617805
158,Casadei,Chelsea,3,4.5,11,71,0,0,0,0.1,a,2.4444444444444446,0.15492957746478872,0.37871674491392804
159,Chalobah,Chelsea,2,4.5,39,949,1,0,3,0.3,a,8.666666666666666,0.0410958904109589,0.3561643835616438
160,Chilwell,Chelsea,2,5.0,24,752,0,2,1,0.9,a,4.8,0.031914893617021274,0.1531914893617021
161,Chukwuemeka,Chelsea,3,5.0,16,222,1,1,0,0.1,a,3.2,0.07207207207207207,0.23063063063063063
162,Colwill,Chelsea,2,4.5,65,1794,1,1,5,1.1,a,14.444444444444445,0.036231884057971016,0.5233494363929146
163,Cucurella,Chelsea,2,5.0,44,1783,0,3,4,7.9,a,8.8,0.024677509814918678,0.2171620863712844
164,D.D.Fofana,Chelsea,4,5.5,50,876,4,1,1,0.1,a,9.090909090909092,0.05707762557077625,0.518887505188875
165,Deivid,Chelsea,4,5.0,2,11,0,0,0,0.1,a,0.4,0.18181818181818182,0.07272727272727274
166,Dewsbury-Hall,Chelsea,3,6.0,0,0,0,0,0,0.6,a,0.0,0.0,0.0
167,Disasi,Chelsea,2,4.5,71,2579,2,0,5,0.7,a,15.777777777777779,0.02753005040713455,0.43436301753478956
168,Enzo,Chelsea,3,5.0,77,2208,3,3,5,1.1,a,15.4,0.034873188405797104,0.5370471014492754
169,Gallagher,Chelsea,3,6.0,129,3129,5,8,8,1.4,a,21.5,0.04122722914669223,0.886385426653883
170,Gilchrist,Chelsea,2,4.0,20,200,1,0,1,0.9,a,5.0,0.1,0.5
171,Gusto,Chelsea,2,5.0,74,1746,0,6,5,3.1,a,14.8,0.042382588774341354,0.6272623138602521
173,Kellyman,Chelsea,3,4.5,2,35,0,0,0,0.0,a,0.4444444444444444,0.05714285714285714,0.025396825396825393
174,Lavia,Chelsea,3,4.5,1,32,0,0,0,0.5,a,0.2222222222222222,0.03125,0.006944444444444444
175,Lukaku,Chelsea,4,6.5,0,0,0,0,0,0.6,a,0.0,0.0,0.0
177,Madueke,Chelsea,3,6.5,76,1044,5,3,4,0.4,a,11.692307692307692,0.07279693486590039,0.8511641615089891
178,Marc Guiu,Chelsea,4,5.0,0,0,0,0,0,0.7,a,0.0,0.0,0.0
179,Mudryk,Chelsea,3,6.5,94,1564,5,5,7,0.4,a,14.461538461538462,0.06010230179028133,0.8691717489671454
180,N.Jackson,Chelsea,4,7.5,142,2801,14,6,9,3.3,a,18.933333333333334,0.05069617993573724,0.9598476734499584
181,Nkunku,Chelsea,3,6.5,29,437,3,0,0,16.5,a,4.461538461538462,0.06636155606407322,0.2960746347474036
182,Palmer,Chelsea,3,10.5,244,2617,22,13,7,52.0,a,23.238095238095237,0.09323653037829575,2.1666393726003963
183,Petrović,Chelsea,1,4.5,71,1986,0,0,5,1.9,a,15.777777777777779,0.03575025176233636,0.5640595278057514
184,Renato Veiga,Chelsea,3,4.5,0,0,0,0,0,0.1,a,0.0,0.0,0.0
185,Sánchez,Chelsea,1,4.5,59,1433,0,0,3,7.3,a,13.11111111111111,0.041172365666434056,0.5398154609599132
186,Sterling,Chelsea,3,7.0,123,1972,8,8,5,3.7,a,17.571428571428573,0.06237322515212982,1.0959866705302812
187,Tosin,Chelsea,2,4.5,66,1616,2,0,6,0.4,a,14.666666666666666,0.04084158415841584,0.599009900990099
188,Ugochukwu,Chelsea,3,4.5,13,296,0,0,1,0.2,a,2.888888888888889,0.04391891891891892,0.12687687687687688
189,W.Fofana,Chelsea,2,4.5,0,0,0,0,0,0.3,a,0.0,0.0,0.0
575,Wiley,Chelsea,2,4.0,0,0,0,0,0,0.1,a,0.0,0.0,0.0
581,Jørgensen,Chelsea,1,4.5,0,0,0,0,0,0.2,a,0.0,0.0,0.0
190,Ahamada,Crystal Palace,3,4.5,16,332,0,0,0,0.3,a,3.5555555555555554,0.04819277108433735,0.1713520749665328
191,Andersen,Crystal Palace,2,4.5,121,3416,2,3,10,22.8,a,26.88888888888889,0.035421545667447304,0.9524460057246942
192,J.Ayew,Crystal Palace,3,5.5,109,2540,4,7,11,0.5,a,19.818181818181817,0.042913385826771656,0.8504652827487473
193,C.Doucouré,Crystal Palace,3,5.0,21,920,0,0,3,0.1,a,4.2,0.02282608695652174,0.0958695652173913
194,C.Richards,Crystal Palace,2,4.5,62,2091,1,1,4,0.2,a,13.777777777777779,0.02965088474414156,0.40852330091928374
195,Chadi Riad,Crystal Palace,2,4.5,0,0,0,0,0,0.2,a,0.0,0.0,0.0
196,Clyne,Crystal Palace,2,4.5,52,1335,0,1,5,0.2,a,11.555555555555555,0.03895131086142322,0.45010403662089055
197,Ebiowei,Crystal Palace,3,4.5,0,0,0,0,0,0.1,a,0.0,0.0,0.0
198,Edouard,Crystal Palace,4,5.5,79,1545,7,0,6,0.8,a,14.363636363636363,0.0511326860841424,0.7344513092085908
199,Eze,Crystal Palace,3,7.0,136,2054,11,5,8,32.9,a,19.428571428571427,0.06621226874391431,1.2864097927389064
200,Guéhi,Crystal Palace,2,4.5,66,2020,0,1,6,9.1,a,14.666666666666666,0.032673267326732675,0.4792079207920792
201,Henderson,Crystal Palace,1,4.5,48,1620,0,0,4,4.6,a,10.666666666666666,0.02962962962962963,0.3160493827160494
202,Holding,Crystal Palace,2,4.5,0,0,0,0,0,0.2,a,0.0,0.0,0.0
203,Hughes,Crystal Palace,3,5.0,61,1886,0,2,8,0.1,a,12.2,0.03234358430540827,0.39459172852598084
204,Johnstone,Crystal Palace,1,4.5,68,1796,0,0,6,0.9,a,15.11111111111111,0.0378619153674833,0.5721356099975253
205,Kamada,Crystal Palace,3,5.5,0,0,0,0,0,0.6,a,0.0,0.0,0.0
206,Lerma,Crystal Palace,3,5.0,64,2399,1,1,5,0.1,a,12.8,0.026677782409337224,0.3414756148395165
207,Mateta,Crystal Palace,4,7.5,165,2274,16,7,8,8.0,a,22.0,0.07255936675461741,1.596306068601583
208,M.França,Crystal Palace,3,4.5,16,224,0,2,0,0.3,a,3.5555555555555554,0.07142857142857142,0.25396825396825395
209,Matthews,Crystal Palace,1,4.0,1,3,0,0,0,0.3,a,0.25,0.3333333333333333,0.08333333333333333
210,Mitchell,Crystal Palace,2,5.0,119,3204,2,3,10,2.4,a,23.8,0.03714107365792759,0.8839575530586767
211,Muñoz,Crystal Palace,2,5.0,56,1440,0,4,5,4.4,a,11.2,0.03888888888888889,0.43555555555555553
213,Rak-Sakyi,Crystal Palace,3,4.5,8,132,0,0,1,0.4,a,1.7777777777777777,0.06060606060606061,0.10774410774410774
214,Schlupp,Crystal Palace,3,5.0,66,1340,2,2,4,0.1,a,13.2,0.049253731343283584,0.6501492537313432
215,Ward,Crystal Palace,2,4.5,54,1978,0,1,5,0.2,a,12.0,0.027300303336703743,0.3276036400404449
216,Wharton,Crystal Palace,3,5.0,50,1296,0,3,7,0.7,a,10.0,0.038580246913580245,0.38580246913580246
217,A.Doucoure,Everton,3,5.5,116,2632,7,3,12,0.6,a,21.09090909090909,0.044072948328267476,0.929538546559823
218,Beto,Everton,4,5.0,50,943,3,0,2,0.4,a,10.0,0.053022269353128315,0.5302226935312832
219,Branthwaite,Everton,2,5.0,124,3116,3,1,12,12.0,a,24.8,0.03979460847240052,0.9869062901155329
220,Calvert-Lewin,Everton,4,6.0,101,2166,7,3,13,1.4,a,16.833333333333332,0.04662973222530009,0.7849338257925514
221,Coleman,Everton,2,4.5,30,661,0,0,4,0.2,a,6.666666666666667,0.0453857791225416,0.30257186081694404
222,Gana,Everton,3,5.0,73,1885,4,0,7,0.1,a,14.6,0.03872679045092838,0.5654111405835544
223,Garner,Everton,3,5.0,87,3001,1,2,11,0.1,a,17.4,0.02899033655448184,0.504431856047984
224,Harrison,Everton,3,5.5,92,2212,3,3,11,0.2,a,16.727272727272727,0.04159132007233273,0.695709353937202
225,Holgate,Everton,2,4.0,1,711,0,0,0,0.5,a,0.25,0.0014064697609001407,0.00035161744022503517
226,Iroegbunam,Everton,3,4.5,10,157,0,0,0,0.1,a,2.2222222222222223,0.06369426751592357,0.14154281670205238
227,J.Virginia,Everton,1,4.0,0,0,0,0,0,0.6,a,0.0,0.0,0.0
228,Keane,Everton,2,4.0,18,437,1,0,1,1.4,a,4.5,0.041189931350114416,0.18535469107551486
229,Maupay,Everton,4,5.0,76,1417,6,3,4,1.4,a,15.2,0.053634438955539876,0.8152434721242061
230,McNeil,Everton,3,5.5,124,2891,3,8,12,0.9,a,22.545454545454547,0.04289173296437219,0.9670136159240276
231,Mykolenko,Everton,2,4.5,101,2469,2,1,9,11.0,a,22.444444444444443,0.04090724989874443,0.9181404977273749
232,Ndiaye,Everton,4,5.5,0,0,0,0,0,0.2,a,0.0,0.0,0.0
234,Patterson,Everton,2,4.5,34,1000,0,2,2,0.2,a,7.555555555555555,0.034,0.2568888888888889
235,Pickford,Everton,1,5.0,153,3420,0,0,13,18.4,a,30.6,0.04473684210526316,1.3689473684210527
236,Tarkowski,Everton,2,5.0,117,3420,1,1,13,1.6,a,23.4,0.034210526315789476,0.8005263157894736
237,Y. Chermiti,Everton,4,5.0,16,196,0,0,1,0.1,a,3.2,0.08163265306122448,0.26122448979591834
238,Young,Everton,2,4.5,76,2277,0,1,9,0.2,a,16.88888888888889,0.03337725076855512,0.5637046796467087
577,Lindstrøm,Everton,3,5.5,0,0,0,0,0,0.1,a,0.0,0.0,0.0
582,O'Brien,Everton,2,5.0,0,0,0,0,0,0.0,a,0.0,0.0,0.0
239,Adama,Fulham,3,5.0,36,363,2,3,0,0.2,a,7.2,0.09917355371900827,0.7140495867768596
240,Andreas,Fulham,3,5.5,127,2611,3,9,14,4.2,a,23.09090909090909,0.048640367675220224,1.1231503081369032
241,Bassey,Fulham,2,4.5,66,2299,1,0,6,0.3,a,14.666666666666666,0.028708133971291867,0.42105263157894735
242,Benda,Fulham,1,4.0,0,0,0,0,0,0.4,a,0.0,0.0,0.0
243,Cairney,Fulham,3,5.0,70,1472,1,6,4,0.1,a,14.0,0.04755434782608696,0.6657608695652174
244,Castagne,Fulham,2,4.5,105,2630,1,3,9,3.3,a,23.333333333333332,0.039923954372623575,0.9315589353612167
245,Diop,Fulham,2,4.5,43,1423,0,0,5,0.2,a,9.555555555555555,0.030217849613492623,0.28874834075115174
246,Harris,Fulham,3,4.5,2,74,0,0,0,0.1,a,0.4444444444444444,0.02702702702702703,0.012012012012012012
247,Iwobi,Fulham,3,5.5,102,2331,5,2,7,0.5,a,18.545454545454547,0.043758043758043756,0.8115128115128115
248,Leno,Fulham,1,5.0,133,3420,0,0,10,3.1,a,26.6,0.03888888888888889,1.0344444444444445
249,Lukić,Fulham,3,5.0,43,1113,1,0,5,0.1,a,8.6,0.03863432165318958,0.33225516621743034
250,Mbabu,Fulham,2,4.0,0,0,0,0,0,0.4,a,0.0,0.0,0.0
251,Muniz,Fulham,4,6.0,97,1589,9,2,6,6.1,a,16.166666666666668,0.06104468219005664,0.9868890287392491
252,Raúl,Fulham,4,5.5,72,1390,7,0,4,0.4,a,13.090909090909092,0.051798561151079135,0.6780902550686724
253,Ream,Fulham,2,4.5,40,1503,1,0,3,0.2,a,8.88888888888889,0.02661343978709248,0.23656390921859985
254,Reed,Fulham,3,5.0,47,1317,0,2,6,0.1,a,9.4,0.03568716780561883,0.335459377372817
255,Robinson,Fulham,2,4.5,104,3266,0,6,9,5.2,a,23.11111111111111,0.03184323331292101,0.7359325032319521
256,Stansfield,Fulham,4,5.0,0,0,0,0,0,0.1,a,0.0,0.0,0.0
257,Tete,Fulham,2,4.5,27,863,1,0,2,0.2,a,6.0,0.031286210892236384,0.18771726535341832
258,Vinicius,Fulham,4,5.0,22,306,2,0,0,0.6,a,4.4,0.0718954248366013,0.31633986928104574
259,Wilson,Fulham,3,5.5,94,1603,4,7,5,0.3,a,17.09090909090909,0.058640049906425455,1.0022117620370896
579,Sessegnon,Fulham,2,4.5,0,0,0,0,0,0.1,a,0.0,0.0,0.0
260,Al-Hamadi,Ipswich,4,5.0,0,0,0,0,0,0.5,a,0.0,0.0,0.0
261,Baggott,Ipswich,2,4.0,0,0,0,0,0,0.5,a,0.0,0.0,0.0
262,Broadhead,Ipswich,3,5.0,0,0,0,0,0,0.2,a,0.0,0.0,0.0
263,Burgess,Ipswich,2,4.0,0,0,0,0,0,0.4,a,0.0,0.0,0.0
264,Burns,Ipswich,3,5.0,0,0,0,0,0,0.1,a,0.0,0.0,0.0
265,Chaplin,Ipswich,3,5.5,0,0,0,0,0,0.5,a,0.0,0.0,0.0
266,Clarke,Ipswich,2,4.0,0,0,0,0,0,0.3,a,0.0,0.0,0.0
267,Davis,Ipswich,2,4.5,0,0,0,0,0,3.1,a,0.0,0.0,0.0
268,Delap,Ipswich,4,5.5,0,0,0,0,0,0.5,a,0.0,0.0,0.0
269,Edmundson,Ipswich,2,4.0,0,0,0,0,0,0.2,a,0.0,0.0,0.0
270,Greaves,Ipswich,2,4.0,0,0,0,0,0,0.6,a,0.0,0.0,0.0
271,Harness,Ipswich,3,5.0,0,0,0,0,0,0.0,a,0.0,0.0,0.0
272,Hirst,Ipswich,4,5.5,0,0,0,0,0,0.1,a,0.0,0.0,0.0
273,Humphreys,Ipswich,3,4.5,0,0,0,0,0,0.2,a,0.0,0.0,0.0
274,Hutchinson,Ipswich,3,5.5,0,0,0,0,0,1.2,a,0.0,0.0,0.0
275,Johnson,Ipswich,2,4.0,17,538,0,0,1,2.0,a,4.25,0.031598513011152414,0.13429368029739777
276,Ladapo,Ipswich,4,4.5,0,0,0,0,0,2.6,a,0.0,0.0,0.0
277,Luongo,Ipswich,3,4.5,0,0,0,0,0,0.5,a,0.0,0.0,0.0
278,Morsy,Ipswich,3,5.0,0,0,0,0,0,0.4,a,0.0,0.0,0.0
280,Slicker,Ipswich,1,4.0,0,0,0,0,0,0.6,a,0.0,0.0,0.0
281,Taylor,Ipswich,3,5.0,0,0,0,0,0,0.0,a,0.0,0.0,0.0
282,Tuanzebe,Ipswich,2,4.0,0,0,0,0,0,1.2,a,0.0,0.0,0.0
283,Walton,Ipswich,1,4.5,0,0,0,0,0,0.3,a,0.0,0.0,0.0
284,Woolfenden,Ipswich,2,4.0,0,0,0,0,0,1.3,a,0.0,0.0,0.0
568,Muric,Ipswich,1,4.5,47,900,0,0,0,0.5,a,10.444444444444445,0.052222222222222225,0.5454320987654322
583,Townsend,Ipswich,2,4.0,0,0,0,0,0,0.0,a,0.0,0.0,0.0
285,B.Soumaré,Leicester,3,4.5,0,0,0,0,0,0.2,a,0.0,0.0,0.0
286,Cannon,Leicester,4,4.5,0,0,0,0,0,1.1,a,0.0,0.0,0.0
287,Choudhury,Leicester,3,4.5,0,0,0,0,0,0.3,a,0.0,0.0,0.0
288,Coady,Leicester,2,4.0,0,0,0,0,0,1.7,a,0.0,0.0,0.0
289,Daka,Leicester,4,5.0,0,0,0,0,0,1.8,a,0.0,0.0,0.0
290,De Cordova-Reid,Leicester,3,5.5,92,1410,6,3,3,0.3,a,16.727272727272727,0.06524822695035461,1.091424887169568
291,Faes,Leicester,2,4.0,0,0,0,0,0,8.7,a,0.0,0.0,0.0
292,Golding,Leicester,3,4.5,0,0,0,0,0,0.1,a,0.0,0.0,0.0
293,Hermansen,Leicester,1,4.5,0,0,0,0,0,0.6,a,0.0,0.0,0.0
294,Iversen,Leicester,1,4.0,0,0,0,0,0,1.0,a,0.0,0.0,0.0
295,Justin,Leicester,2,4.5,0,0,0,0,0,0.5,a,0.0,0.0,0.0
296,Kristiansen,Leicester,2,4.5,0,0,0,0,0,0.2,a,0.0,0.0,0.0
297,Marcal,Leicester,3,4.5,0,0,0,0,0,0.1,a,0.0,0.0,0.0
298,Mavididi,Leicester,3,5.5,0,0,0,0,0,1.3,a,0.0,0.0,0.0
299,McAteer,Leicester,3,5.0,0,0,0,0,0,0.1,a,0.0,0.0,0.0
300,Ndidi,Leicester,3,5.0,0,0,0,0,0,0.2,a,0.0,0.0,0.0
301,Okoli,Leicester,2,4.0,0,0,0,0,0,0.3,a,0.0,0.0,0.0
302,Ricardo,Leicester,2,4.5,0,0,0,0,0,0.4,a,0.0,0.0,0.0
303,Souttar,Leicester,2,4.0,0,0,0,0,0,0.3,a,0.0,0.0,0.0
305,Thomas,Leicester,2,4.0,7,916,0,0,0,0.6,a,1.75,0.007641921397379912,0.013373362445414847
306,Vardy,Leicester,4,5.5,0,0,0,0,0,6.2,a,0.0,0.0,0.0
307,Vestergaard,Leicester,2,4.0,0,0,0,0,0,2.0,a,0.0,0.0,0.0
308,Ward,Leicester,1,4.0,0,0,0,0,0,2.8,a,0.0,0.0,0.0
309,Winks,Leicester,3,4.5,0,0,0,0,0,10.9,a,0.0,0.0,0.0
570,A.Fatawu,Leicester,3,5.5,0,0,0,0,0,0.5,a,0.0,0.0,0.0
310,A.Becker,Liverpool,1,5.5,107,2520,0,0,8,10.9,a,19.454545454545453,0.04246031746031746,0.826046176046176
311,Alexander-Arnold,Liverpool,2,7.0,122,2153,3,5,8,21.4,a,17.428571428571427,0.0566651184393869,0.9875920642293144
312,Bajcetic,Liverpool,3,4.5,1,25,0,0,0,0.2,a,0.2222222222222222,0.04,0.008888888888888889
313,Bradley,Liverpool,2,5.0,50,752,1,3,3,0.8,a,10.0,0.06648936170212766,0.6648936170212766
314,Carvalho,Liverpool,3,5.0,0,0,0,0,0,0.1,a,0.0,0.0,0.0
315,Clark,Liverpool,3,4.5,5,86,0,0,0,0.1,a,1.1111111111111112,0.05813953488372093,0.06459948320413438
316,Darwin,Liverpool,4,7.5,132,2033,11,11,6,7.9,a,17.6,0.06492867683226758,1.1427447122479095
317,Diogo J.,Liverpool,3,7.5,110,1141,10,7,5,3.1,a,14.666666666666666,0.09640666082383874,1.4139643587496347
318,Doak,Liverpool,3,4.5,1,13,0,0,0,0.1,a,0.2222222222222222,0.07692307692307693,0.017094017094017096
319,Elliott,Liverpool,3,5.5,96,1330,3,9,4,1.4,a,17.454545454545453,0.07218045112781955,1.259876965140123
320,Endo,Liverpool,3,5.0,47,1714,1,0,6,0.2,a,9.4,0.027421236872812137,0.2577596266044341
321,Gakpo,Liverpool,4,7.5,106,1633,8,5,5,7.5,a,14.133333333333333,0.06491120636864667,0.9174117166768728
322,Gomez,Liverpool,2,5.0,76,1772,0,2,7,0.6,a,15.2,0.04288939051918736,0.6519187358916478
323,Gravenberch,Liverpool,3,5.0,45,1110,1,0,3,0.1,a,9.0,0.04054054054054054,0.3648648648648649
324,Jones,Liverpool,3,5.5,40,1156,1,1,2,0.2,a,7.2727272727272725,0.03460207612456748,0.2516514627241271
325,Kelleher,Liverpool,1,4.5,34,900,0,0,2,0.4,a,7.555555555555555,0.03777777777777778,0.2854320987654321
326,Konaté,Liverpool,2,5.0,56,1570,0,0,6,2.0,a,11.2,0.035668789808917196,0.3994904458598726
327,Luis Díaz,Liverpool,3,7.5,142,2625,8,7,7,6.6,a,18.933333333333334,0.05409523809523809,1.0242031746031746
328,M.Salah,Liverpool,3,12.5,211,2531,18,12,8,34.5,a,16.88,0.08336625839589096,1.4072224417226393
329,Mac Allister,Liverpool,3,6.5,109,2600,5,5,6,2.8,a,16.76923076923077,0.041923076923076924,0.70301775147929
330,McConnell,Liverpool,3,4.5,3,3,0,0,0,0.0,a,0.6666666666666666,1.0,0.6666666666666666
331,Morton,Liverpool,3,4.5,0,0,0,0,0,0.0,a,0.0,0.0,0.0
332,N.Phillips,Liverpool,2,4.0,0,0,0,0,0,0.2,a,0.0,0.0,0.0
333,Quansah,Liverpool,2,4.5,49,1188,2,0,2,0.7,a,10.88888888888889,0.041245791245791245,0.4491208380097269
334,R.Williams,Liverpool,2,4.0,0,0,0,0,0,0.2,a,0.0,0.0,0.0
335,Robertson,Liverpool,2,6.0,76,1689,3,2,3,6.3,a,12.666666666666666,0.044997039668442866,0.5699625024669429
336,Szoboszlai,Liverpool,3,6.5,99,2102,3,4,8,2.7,a,15.23076923076923,0.04709800190294957,0.7173387982141549
337,Tsimikas,Liverpool,2,5.0,48,675,0,3,4,0.3,a,9.6,0.07111111111111111,0.6826666666666666
338,Van den Berg,Liverpool,2,4.0,0,0,0,0,0,0.4,a,0.0,0.0,0.0
339,Virgil,Liverpool,2,6.0,117,3177,2,2,9,11.7,a,19.5,0.036827195467422094,0.7181303116147308
340,Akanji,Man City,2,5.5,112,2512,2,0,11,4.0,a,20.363636363636363,0.044585987261146494,0.9079328314997104
341,Aké,Man City,2,5.5,99,2039,2,3,6,3.0,a,18.0,0.04855321235899951,0.8739578224619912
342,Bernardo,Man City,3,6.5,141,2576,6,9,10,2.8,a,21.692307692307693,0.054736024844720496,1.1873506927854753
343,Bobb,Man City,3,5.0,30,294,1,2,1,0.4,a,6.0,0.10204081632653061,0.6122448979591837
344,Carson,Man City,1,4.0,0,0,0,0,0,0.2,a,0.0,0.0,0.0
345,De Bruyne,Man City,3,9.5,98,1219,4,10,7,6.9,a,10.31578947368421,0.08039376538146022,0.8293251586719054
346,Doku,Man City,3,6.5,98,1585,3,10,1,3.1,a,15.076923076923077,0.061829652996845424,0.9322009221062848
347,Ederson M.,Man City,1,5.5,112,2785,0,0,11,5.9,a,20.363636363636363,0.04021543985637343,0.8189325934388771
348,Foden,Man City,3,9.5,230,2860,19,8,14,30.0,a,24.210526315789473,0.08041958041958042,1.9470003680529995
349,Grealish,Man City,3,6.5,50,998,3,1,3,0.6,a,7.6923076923076925,0.050100200400801605,0.3853861569292431
350,Gvardiol,Man City,2,6.0,123,2327,4,2,9,32.7,a,20.5,0.052857756768371296,1.0835840137516115
351,Haaland,Man City,4,15.0,217,2553,27,8,11,35.5,a,14.466666666666667,0.08499804151978065,1.22963833398616
352,J.Alvarez,Man City,4,7.0,158,2644,11,11,12,3.2,a,22.571428571428573,0.059757942511346446,1.3488221309703914
353,João Cancelo,Man City,2,5.5,0,0,0,0,0,1.1,a,0.0,0.0,0.0
354,Kovačić,Man City,3,5.5,59,1539,1,0,9,0.2,a,10.727272727272727,0.03833658219623132,0.4112469726504814
355,Lewis,Man City,2,4.5,52,804,2,0,4,0.3,a,11.555555555555555,0.06467661691542288,0.7473742399115533
356,Matheus N.,Man City,3,5.0,32,831,0,2,2,0.0,a,6.4,0.03850782190132371,0.24645006016847174
357,McAtee,Man City,3,5.0,77,1815,3,4,2,0.0,a,15.4,0.04242424242424243,0.6533333333333334
358,Ortega Moreno,Man City,1,5.5,22,632,0,0,1,2.1,a,4.0,0.03481012658227848,0.13924050632911392
359,Phillips,Man City,3,5.0,10,394,0,0,0,0.1,a,2.0,0.025380710659898477,0.050761421319796954
360,Rodrigo,Man City,3,6.5,159,2931,8,10,14,7.5,a,24.46153846153846,0.05424769703172978,1.3269821273915439
361,Rúben,Man City,2,5.5,88,2557,0,0,9,3.1,a,16.0,0.03441533046538913,0.5506452874462261
362,Stones,Man City,2,5.5,53,1061,1,0,5,2.7,a,9.636363636363637,0.04995287464655985,0.48136406477594035
363,Walker,Man City,2,5.5,123,2766,0,5,10,9.3,a,22.363636363636363,0.044468546637744036,0.994478406625912
571,Sávio,Man City,3,6.5,0,0,0,0,0,0.5,a,0.0,0.0,0.0
364,Amad,Man Utd,3,5.0,23,385,1,1,1,1.9,a,4.6,0.05974025974025974,0.2748051948051948
365,Antony,Man Utd,3,6.0,47,1311,1,1,3,0.3,a,7.833333333333333,0.03585049580472922,0.2808288838037122
366,B.Fernandes,Man Utd,3,8.5,166,3118,10,9,7,14.2,a,19.529411764705884,0.05323925593329057,1.0397313511677924
367,Bayindir,Man Utd,1,4.5,0,0,0,0,0,0.2,a,0.0,0.0,0.0
368,Casemiro,Man Utd,3,5.0,58,1981,1,3,5,0.3,a,11.6,0.0292781423523473,0.3396264512872287
369,Dalot,Man Utd,2,5.0,111,3174,2,3,8,6.4,a,22.2,0.03497164461247637,0.7763705103969755
370,Eriksen,Man Utd,3,5.5,48,1134,1,2,2,0.2,a,8.727272727272727,0.042328042328042326,0.36940836940836935
371,Evans,Man Utd,2,4.5,49,1389,0,1,4,0.2,a,10.88888888888889,0.035277177825773935,0.3841292696584273
372,Garnacho,Man Utd,3,6.5,131,2564,7,7,8,11.5,a,20.153846153846153,0.051092043681747266,1.0297011880475218
373,Hannibal,Man Utd,3,4.5,11,131,1,0,1,0.1,a,2.4444444444444446,0.08396946564885496,0.20525869380831216
374,Heaton,Man Utd,1,4.0,0,0,0,0,0,0.2,a,0.0,0.0,0.0
375,Højlund,Man Utd,4,7.0,112,2156,10,2,6,5.6,a,16.0,0.05194805194805195,0.8311688311688312
376,Lindelof,Man Utd,2,4.5,62,1328,1,1,5,0.2,a,13.777777777777779,0.046686746987951805,0.643239625167336
377,Maguire,Man Utd,2,5.0,73,1650,2,4,4,0.6,a,14.6,0.04424242424242424,0.6459393939393939
378,Mainoo,Man Utd,3,5.5,77,1927,3,1,7,8.0,a,14.0,0.03995848469122989,0.5594187856772185
379,Malacia,Man Utd,2,4.5,0,0,0,0,0,0.2,a,0.0,0.0,0.0
380,Martinez,Man Utd,2,4.5,15,643,0,1,1,5.3,a,3.3333333333333335,0.02332814930015552,0.07776049766718507
381,McTominay,Man Utd,3,5.0,98,1891,7,1,7,1.2,a,19.6,0.05182443151771549,1.0157588577472236
382,Mount,Man Utd,3,6.5,23,509,1,0,1,0.3,a,3.5384615384615383,0.04518664047151277,0.1598911893607375
383,Onana,Man Utd,1,5.0,133,3420,0,0,9,7.3,a,26.6,0.03888888888888889,1.0344444444444445
384,Pellistri,Man Utd,3,5.0,13,164,0,1,0,0.0,a,2.6,0.07926829268292683,0.20609756097560977
385,Rashford,Man Utd,3,7.0,108,2264,7,3,7,7.1,a,15.428571428571429,0.04770318021201413,0.7359919232710752
386,Sancho,Man Utd,3,6.5,3,76,0,0,0,0.6,a,0.46153846153846156,0.039473684210526314,0.018218623481781375
387,Shaw,Man Utd,2,5.0,31,960,0,1,4,5.0,a,6.2,0.03229166666666667,0.20020833333333335
388,Wan-Bissaka,Man Utd,2,4.5,47,1778,0,2,3,0.6,a,10.444444444444445,0.026434195725534307,0.2760904886889139
389,Zirkzee,Man Utd,4,7.0,0,0,0,0,0,2.7,a,0.0,0.0,0.0
572,Yoro,Man Utd,2,4.5,0,0,0,0,0,3.1,a,0.0,0.0,0.0
390,A.Murphy,Newcastle,2,4.0,2,11,0,0,0,0.6,a,0.5,0.18181818181818182,0.09090909090909091
391,Almirón,Newcastle,3,6.0,77,1930,3,1,5,1.0,a,12.833333333333334,0.03989637305699482,0.5120034542314336
392,Barnes,Newcastle,3,6.5,64,788,5,3,2,0.6,a,9.846153846153847,0.08121827411167512,0.7996876220226474
394,Bruno G.,Newcastle,3,6.5,153,3264,7,9,10,2.9,a,23.53846153846154,0.046875,1.1033653846153846
395,Burn,Newcastle,2,4.5,97,2725,2,2,8,22.9,a,21.555555555555557,0.035596330275229356,0.7672986748216106
396,Dúbravka,Newcastle,1,4.5,75,1984,0,0,4,1.5,a,16.666666666666668,0.03780241935483871,0.6300403225806452
397,Fraser,Newcastle,3,5.0,0,0,0,0,0,0.0,a,0.0,0.0,0.0
398,Gordon,Newcastle,3,7.5,183,2896,11,16,12,35.9,a,24.4,0.06319060773480663,1.5418508287292816
399,Hall,Newcastle,2,4.5,38,773,1,0,2,0.7,a,8.444444444444445,0.04915912031047866,0.4151214603995976
400,Hayden,Newcastle,3,4.5,0,0,0,0,0,0.1,a,0.0,0.0,0.0
401,Isak,Newcastle,4,8.5,172,2253,21,4,7,55.8,a,20.235294117647058,0.07634265423879272,1.5448160622438054
402,J.Murphy,Newcastle,3,5.5,82,1184,3,8,5,0.5,a,14.909090909090908,0.06925675675675676,1.0325552825552824
403,Joelinton,Newcastle,3,6.0,45,1276,2,1,3,0.4,a,7.5,0.03526645768025078,0.26449843260188083
404,Kelly,Newcastle,2,4.5,48,1553,0,1,4,0.2,a,10.666666666666666,0.030907920154539602,0.3296844816484224
405,Krafth,Newcastle,2,4.5,33,909,0,0,3,0.1,a,7.333333333333333,0.036303630363036306,0.2662266226622662
406,Kuol,Newcastle,3,4.5,0,0,0,0,0,0.0,a,0.0,0.0,0.0
408,Lewis,Newcastle,2,4.0,0,0,0,0,0,0.4,a,0.0,0.0,0.0
409,Livramento,Newcastle,2,4.5,45,1302,1,0,2,1.8,a,10.0,0.03456221198156682,0.34562211981566826
410,Longstaff,Newcastle,3,5.0,110,2742,6,3,10,0.9,a,22.0,0.04011670313639679,0.8825674690007295
412,Odysseas,Newcastle,1,4.5,12,450,0,0,1,0.2,a,2.6666666666666665,0.02666666666666667,0.07111111111111111
413,Pope,Newcastle,1,5.0,57,1345,0,0,6,5.8,a,11.4,0.04237918215613383,0.4831226765799257
414,Ruddy,Newcastle,1,4.0,0,0,0,0,0,0.2,a,0.0,0.0,0.0
415,Schär,Newcastle,2,5.5,123,3055,4,3,9,7.6,a,22.363636363636363,0.04026186579378069,0.9004017259336409
416,Targett,Newcastle,2,4.0,2,77,0,0,0,0.5,a,0.5,0.025974025974025976,0.012987012987012988
418,Trippier,Newcastle,2,6.0,111,2235,1,10,6,14.4,a,18.5,0.049664429530201344,0.9187919463087248
419,White,Newcastle,3,4.5,3,12,0,0,0,0.3,a,0.6666666666666666,0.25,0.16666666666666666
420,Willock,Newcastle,3,5.0,18,415,1,0,1,0.2,a,3.6,0.043373493975903614,0.156144578313253
421,Wilson,Newcastle,4,7.0,69,981,9,1,6,0.6,a,9.857142857142858,0.07033639143730887,0.6933158584534732
574,Pivas,Newcastle,2,4.0,0,0,0,0,0,0.1,a,0.0,0.0,0.0
422,Aina,Nott'm Forest,2,4.5,45,1690,1,1,2,0.7,a,10.0,0.026627218934911243,0.26627218934911245
423,Anderson,Nott'm Forest,3,5.0,42,1018,0,2,5,0.2,a,8.4,0.0412573673870334,0.34656188605108057
424,Awoniyi,Nott'm Forest,4,6.0,67,1036,6,3,3,1.3,a,11.166666666666666,0.06467181467181467,0.722168597168597
425,Boly,Nott'm Forest,2,4.5,58,1437,2,1,3,0.4,a,12.88888888888889,0.04036186499652053,0.5202195932884869
426,Bowler,Nott'm Forest,3,4.5,0,0,0,0,0,0.1,a,0.0,0.0,0.0
427,C.Miguel,Nott'm Forest,1,4.5,0,0,0,0,0,2.0,a,0.0,0.0,0.0
428,Da Silva Moreira,Nott'm Forest,3,4.5,0,0,0,0,0,0.1,a,0.0,0.0,0.0
429,Danilo,Nott'm Forest,3,5.0,65,1787,2,2,1,0.1,a,13.0,0.03637381085618355,0.4728595411303861
430,Dennis,Nott'm Forest,4,5.0,0,0,0,0,0,0.3,a,0.0,0.0,0.0
431,Dominguez,Nott'm Forest,3,5.0,67,1489,2,2,6,0.1,a,13.4,0.04499664204163868,0.6029550033579584
432,Elanga,Nott'm Forest,3,5.5,119,2424,5,9,2,2.9,a,21.636363636363637,0.04909240924092409,1.0621812181218122
433,Gibbs-White,Nott'm Forest,3,6.5,142,3156,5,12,5,7.3,a,21.846153846153847,0.044993662864385296,0.9829384810373404
434,Hudson-Odoi,Nott'm Forest,3,5.5,109,1846,8,2,2,4.9,a,19.818181818181817,0.0590465872156013,1.1701960011819166
435,Mighten,Nott'm Forest,3,4.5,0,0,0,0,0,0.0,a,0.0,0.0,0.0
436,Murillo,Nott'm Forest,2,4.5,58,2790,0,2,3,1.1,a,12.88888888888889,0.02078853046594982,0.26794105933890877
437,N.Williams,Nott'm Forest,2,4.5,39,1630,0,1,1,0.6,a,8.666666666666666,0.02392638036809816,0.20736196319018405
438,O.Richards,Nott'm Forest,2,4.5,0,0,0,0,0,0.1,a,0.0,0.0,0.0
440,Omobamidele,Nott'm Forest,2,4.5,11,782,0,0,0,0.1,a,2.4444444444444446,0.014066496163682864,0.03438476840011367
442,Sangaré,Nott'm Forest,3,4.5,25,1031,0,0,4,1.5,a,5.555555555555555,0.02424830261881668,0.13471279232675934
443,Sels,Nott'm Forest,1,4.5,34,1440,0,0,1,1.0,a,7.555555555555555,0.02361111111111111,0.17839506172839506
444,Toffolo,Nott'm Forest,2,4.5,52,1452,1,3,2,0.2,a,11.555555555555555,0.03581267217630854,0.41383532292623204
445,Turner,Nott'm Forest,1,4.0,41,1530,0,0,2,23.6,a,10.25,0.02679738562091503,0.27467320261437905
446,Ui-jo,Nott'm Forest,4,4.5,0,0,0,0,0,1.6,a,0.0,0.0,0.0
447,Wood,Nott'm Forest,4,6.0,131,1801,14,1,2,5.1,a,21.833333333333332,0.07273736812881733,1.5880992041458448
448,Worrall,Nott'm Forest,2,4.5,13,438,0,0,1,0.1,a,2.888888888888889,0.02968036529680365,0.08574327752409944
449,Yates,Nott'm Forest,3,5.0,59,1979,1,1,1,0.1,a,11.8,0.029813036887316825,0.3517938352703386
573,Milenković,Nott'm Forest,2,4.5,0,0,0,0,0,0.3,a,0.0,0.0,0.0
450,Alcaraz,Southampton,3,5.0,0,0,0,0,0,0.2,a,0.0,0.0,0.0
451,Amo-Ameyaw,Southampton,3,4.5,0,0,0,0,0,0.1,a,0.0,0.0,0.0
452,Aribo,Southampton,3,5.0,0,0,0,0,0,0.1,a,0.0,0.0,0.0
453,Armstrong,Southampton,4,5.5,0,0,0,0,0,3.6,a,0.0,0.0,0.0
454,Bazunu,Southampton,1,4.5,0,0,0,0,0,0.5,a,0.0,0.0,0.0
455,Bednarek,Southampton,2,4.0,0,0,0,0,0,1.4,a,0.0,0.0,0.0
456,Bella-Kotchap,Southampton,2,4.0,0,0,0,0,0,0.5,a,0.0,0.0,0.0
457,Bree,Southampton,2,4.0,0,0,0,0,0,0.2,a,0.0,0.0,0.0
458,Charles,Southampton,3,4.5,0,0,0,0,0,0.1,a,0.0,0.0,0.0
459,Edozie,Southampton,3,5.0,0,0,0,0,0,0.1,a,0.0,0.0,0.0
460,Edwards,Southampton,2,4.0,0,0,0,0,0,0.2,a,0.0,0.0,0.0
461,Harwood-Bellis,Southampton,2,4.0,0,0,0,0,0,14.8,a,0.0,0.0,0.0
462,Kamaldeen,Southampton,3,5.0,0,0,0,0,0,0.1,a,0.0,0.0,0.0
463,Lallana,Southampton,3,5.0,30,839,0,1,2,0.1,a,6.0,0.03575685339690107,0.21454112038140644
464,Larios,Southampton,2,4.0,0,0,0,0,0,0.2,a,0.0,0.0,0.0
465,Lis,Southampton,1,4.0,0,0,0,0,0,0.3,a,0.0,0.0,0.0
466,Lumley,Southampton,1,4.0,0,0,0,0,0,0.2,a,0.0,0.0,0.0
467,Manning,Southampton,2,4.5,0,0,0,0,0,0.2,a,0.0,0.0,0.0
468,Mara,Southampton,4,5.0,0,0,0,0,0,0.2,a,0.0,0.0,0.0
469,McCarthy,Southampton,1,4.5,0,0,0,0,0,0.3,a,0.0,0.0,0.0
470,Onuachu,Southampton,4,5.0,0,0,0,0,0,0.1,a,0.0,0.0,0.0
471,Smallbone,Southampton,3,5.0,0,0,0,0,0,0.1,a,0.0,0.0,0.0
472,Stephens,Southampton,2,4.0,0,0,0,0,0,0.3,a,0.0,0.0,0.0
473,Stewart,Southampton,4,4.5,0,0,0,0,0,1.7,a,0.0,0.0,0.0
474,Sugawara,Southampton,2,4.5,0,0,0,0,0,0.2,a,0.0,0.0,0.0
475,Taylor,Southampton,2,4.0,47,2329,1,1,2,5.2,a,11.75,0.020180334907685702,0.237118935165307
476,Walker-Peters,Southampton,2,4.5,0,0,0,0,0,0.7,a,0.0,0.0,0.0
477,Wood,Southampton,2,4.0,0,0,0,0,0,1.1,a,0.0,0.0,0.0
518,Downes,Southampton,3,5.0,0,0,0,0,0,0.1,a,0.0,0.0,0.0
584,Brereton Díaz,Southampton,3,5.5,62,1105,6,1,0,0.1,a,11.272727272727273,0.056108597285067875,0.632496914849856
478,A.Phillips,Spurs,2,4.0,0,0,0,0,0,0.5,a,0.0,0.0,0.0
479,Austin,Spurs,1,4.0,0,0,0,0,0,0.4,a,0.0,0.0,0.0
480,Bentancur,Spurs,3,5.0,32,997,1,1,1,0.3,a,6.4,0.0320962888665998,0.20541624874623873
481,Bergvall,Spurs,3,4.5,0,0,0,0,0,0.7,a,0.0,0.0,0.0
482,Bissouma,Spurs,3,5.0,44,2070,0,0,7,0.3,a,8.8,0.021256038647342997,0.1870531400966184
484,Davies,Spurs,2,4.5,34,1085,1,2,1,0.2,a,7.555555555555555,0.03133640552995392,0.23676395289298516
485,Devine,Spurs,3,4.5,0,0,0,0,0,0.1,a,0.0,0.0,0.0
486,Dragusin,Spurs,2,4.5,14,424,0,0,1,0.3,a,3.111111111111111,0.0330188679245283,0.10272536687631027
487,E.Royal,Spurs,2,4.5,27,1152,1,0,0,0.2,a,6.0,0.0234375,0.140625
488,Forster,Spurs,1,4.5,0,0,0,0,0,0.3,a,0.0,0.0,0.0
489,Gray,Spurs,3,5.0,0,0,0,0,0,0.4,a,0.0,0.0,0.0
491,Johnson,Spurs,3,6.5,131,2317,5,12,5,1.8,a,20.153846153846153,0.05653862753560639,1.139470801102221
492,Kulusevski,Spurs,3,6.5,130,2759,8,3,8,1.6,a,20.0,0.04711852120333454,0.9423704240666908
493,Lo Celso,Spurs,3,5.0,47,491,2,2,1,0.1,a,9.4,0.09572301425661914,0.8997963340122199
494,Maddison,Spurs,3,7.5,117,2137,4,11,7,5.6,a,15.6,0.05474964904071128,0.854094525035096
495,Pedro Porro,Spurs,2,5.5,136,3090,3,8,7,25.7,a,24.727272727272727,0.04401294498381877,1.0883200941453368
496,Reguilón,Spurs,2,4.5,74,1524,0,6,5,0.4,a,16.444444444444443,0.048556430446194225,0.7984835228929716
497,Richarlison,Spurs,4,7.0,122,1481,11,4,7,1.3,a,17.428571428571427,0.08237677245104659,1.4357094627182405
498,Romero,Spurs,2,5.0,107,2790,5,0,7,4.5,a,21.4,0.038351254480286735,0.8207168458781361
499,Sarr,Spurs,3,5.0,86,2063,3,3,9,0.4,a,17.2,0.04168686379059622,0.717014057198255
500,Scarlett,Spurs,4,4.5,4,19,0,0,0,0.8,a,0.8888888888888888,0.21052631578947367,0.1871345029239766
501,Skipp,Spurs,3,5.0,22,691,0,0,0,0.1,a,4.4,0.03183791606367583,0.14008683068017366
502,Solomon,Spurs,3,5.5,14,196,0,2,0,0.1,a,2.5454545454545454,0.07142857142857142,0.1818181818181818
503,Son,Spurs,3,10.0,213,2934,17,10,8,11.5,a,21.3,0.07259713701431493,1.546319018404908
504,Spence,Spurs,2,4.5,0,0,0,0,0,0.2,a,0.0,0.0,0.0
505,Udogie,Spurs,2,5.0,79,2391,2,3,5,5.2,a,15.8,0.03304056879966541,0.5220409870347135
506,Van de Ven,Spurs,2,4.5,81,2341,3,0,5,7.8,a,18.0,0.03460059803502777,0.6228107646304999
507,Veliz,Spurs,4,5.0,11,45,1,0,0,0.1,a,2.2,0.24444444444444444,0.5377777777777778
508,Vicario,Spurs,1,5.0,112,3420,0,0,7,5.1,a,22.4,0.03274853801169591,0.7335672514619883
509,Werner,Spurs,3,6.5,46,808,2,4,0,0.5,a,7.076923076923077,0.05693069306930693,0.4028941355674029
510,Whiteman,Spurs,1,4.0,0,0,0,0,0,1.4,a,0.0,0.0,0.0
511,Álvarez,West Ham,3,5.0,62,2375,1,1,5,0.3,a,12.4,0.026105263157894736,0.3237052631578947
512,Antonio,West Ham,4,5.5,78,1692,6,2,5,0.9,a,14.181818181818182,0.04609929078014184,0.6537717601547388
513,Areola,West Ham,1,4.5,116,2700,0,0,4,11.0,a,25.77777777777778,0.04296296296296296,1.1074897119341562
514,Bowen,West Ham,3,7.5,182,3020,16,6,5,7.3,a,24.266666666666666,0.06026490066225165,1.46242825607064
515,Cornet,West Ham,3,5.0,13,109,1,0,0,0.0,a,2.6,0.11926605504587157,0.3100917431192661
516,Coufal,West Ham,2,4.5,85,3135,0,7,4,0.9,a,18.88888888888889,0.02711323763955343,0.5121389331915648
517,Cresswell,West Ham,2,4.0,10,431,0,0,0,1.9,a,2.5,0.02320185614849188,0.058004640371229696
519,Earthy,West Ham,3,4.5,8,33,1,0,0,0.2,a,1.7777777777777777,0.24242424242424243,0.43097643097643096
520,Emerson,West Ham,2,4.5,82,3138,1,4,5,0.6,a,18.22222222222222,0.026131293817718292,0.4761702429006444
521,Fabianski,West Ham,1,4.0,24,721,0,0,1,8.5,a,6.0,0.033287101248266296,0.19972260748959778
522,Foderingham,West Ham,1,4.5,70,2648,0,0,1,0.3,a,15.555555555555555,0.026435045317220542,0.4112118160456529
523,Ings,West Ham,4,5.0,36,389,1,2,0,0.7,a,7.2,0.09254498714652956,0.6663239074550129
524,Kilman,West Ham,2,4.5,82,3420,2,0,5,0.9,a,18.22222222222222,0.023976608187134502,0.4369070825211176
525,Kudus,West Ham,3,6.5,137,2485,8,9,3,10.0,a,21.076923076923077,0.055130784708249496,1.1619873084661816
526,L.Guilherme,West Ham,3,5.0,0,0,0,0,0,0.1,a,0.0,0.0,0.0
527,L.Paquetá,West Ham,3,6.0,100,2627,4,6,4,1.2,a,16.666666666666668,0.03806623524933384,0.6344372541555641
528,Mavropanos,West Ham,2,4.5,40,1500,1,0,3,0.2,a,8.88888888888889,0.02666666666666667,0.23703703703703707
529,N.Aguerd,West Ham,2,4.5,36,1857,1,0,2,0.2,a,8.0,0.01938610662358643,0.15508885298869143
530,Souček,West Ham,3,5.0,116,2867,7,2,5,2.3,a,23.2,0.04046041158004883,0.9386815486571328
531,Ward-Prowse,West Ham,3,6.5,146,3000,7,7,5,1.7,a,22.46153846153846,0.048666666666666664,1.093128205128205
532,Zouma,West Ham,2,4.5,76,2838,3,0,3,0.6,a,16.88888888888889,0.026779422128259338,0.4522746848328244
576,Irving,West Ham,3,5.0,0,0,0,0,0,0.0,a,0.0,0.0,0.0
533,Aït-Nouri,Wolves,2,4.5,77,2327,2,3,3,3.8,a,17.11111111111111,0.03308981521272024,0.5662035047509908
534,B.Traore,Wolves,3,5.0,25,802,0,0,0,0.1,a,5.0,0.03117206982543641,0.15586034912718205
535,Bellegarde,Wolves,3,5.0,45,948,2,2,0,0.0,a,9.0,0.04746835443037975,0.4272151898734178
536,Bentley,Wolves,1,4.0,18,382,0,0,2,1.3,a,4.5,0.04712041884816754,0.21204188481675393
537,Chiquinho,Wolves,3,4.5,0,0,0,0,0,0.2,a,0.0,0.0,0.0
538,Chirewa,Wolves,3,4.5,8,138,0,0,0,0.1,a,1.7777777777777777,0.057971014492753624,0.10305958132045089
539,Chiwome,Wolves,4,4.5,5,173,0,0,0,0.4,a,1.1111111111111112,0.028901734104046242,0.03211303789338472
540,Cundle,Wolves,3,4.5,0,0,0,0,0,0.1,a,0.0,0.0,0.0
541,Cunha,Wolves,4,6.5,135,2438,12,7,6,3.0,a,20.76923076923077,0.055373256767842494,1.1500599482551903
542,Dawson,Wolves,2,4.5,69,2209,1,1,6,0.2,a,15.333333333333334,0.03123585332729742,0.47894975101856047
543,Doherty,Wolves,2,4.5,41,1136,1,0,1,0.2,a,9.11111111111111,0.03609154929577465,0.3288341158059468
544,Doyle,Wolves,3,5.0,38,1209,0,0,3,0.1,a,7.6,0.03143093465674111,0.23887510339123239
545,Fábio Silva,Wolves,4,5.0,8,259,0,0,1,0.3,a,1.6,0.03088803088803089,0.04942084942084943
546,Fraser,Wolves,4,4.5,7,183,0,0,1,5.0,a,1.5555555555555556,0.03825136612021858,0.05950212507589557
547,Gonzalez,Wolves,3,4.5,1,1,0,0,0,0.1,a,0.2222222222222222,1.0,0.2222222222222222
548,Guedes,Wolves,3,5.5,0,0,0,0,0,0.2,a,0.0,0.0,0.0
549,H.Bueno,Wolves,2,4.5,29,727,0,0,2,0.1,a,6.444444444444445,0.039889958734525444,0.25706862295583066
550,Hee Chan,Wolves,3,6.5,125,2116,12,3,3,1.5,a,19.23076923076923,0.05907372400756144,1.136033153991566
551,Hodge,Wolves,3,4.5,0,0,0,0,0,0.4,a,0.0,0.0,0.0
552,Hoever,Wolves,2,4.0,0,0,0,0,0,0.4,a,0.0,0.0,0.0
553,J.Gomes,Wolves,3,5.0,75,2646,2,2,4,0.1,a,15.0,0.02834467120181406,0.4251700680272109
554,José Sá,Wolves,1,4.5,107,3037,0,1,4,2.8,a,23.77777777777778,0.03523213697728021,0.8377419236819962
555,Kalajdžić,Wolves,4,5.0,24,158,2,0,1,0.1,a,4.8,0.1518987341772152,0.7291139240506329
556,King,Wolves,1,4.0,0,0,0,0,0,1.0,a,0.0,0.0,0.0
557,Mario Jr.,Wolves,3,5.0,95,2969,4,1,4,0.2,a,19.0,0.03199730549006399,0.6079488043112159
558,Mosquera,Wolves,2,4.0,0,0,0,0,0,0.4,a,0.0,0.0,0.0
560,Neto,Wolves,3,6.5,86,1516,2,11,3,1.2,a,13.23076923076923,0.05672823218997362,0.7505581489750355
561,Pedro Lima,Wolves,2,4.0,0,0,0,0,0,1.3,a,0.0,0.0,0.0
562,Podence,Wolves,3,5.5,0,0,0,0,0,0.2,a,0.0,0.0,0.0
563,R.Gomes,Wolves,3,5.5,0,0,0,0,0,0.2,a,0.0,0.0,0.0
564,S.Bueno,Wolves,2,4.5,13,819,0,0,0,0.2,a,2.888888888888889,0.015873015873015872,0.04585537918871252
565,Sarabia,Wolves,3,5.5,99,1737,4,7,6,0.3,a,18.0,0.05699481865284974,1.0259067357512954
566,Strand Larsen,Wolves,4,5.5,0,0,0,0,0,0.2,a,0.0,0.0,0.0
567,Toti,Wolves,2,4.5,82,2771,1,4,4,0.3,a,18.22222222222222,0.02959220498015157,0.539235735193873
